Model,Accuracy,F1-score,Precision,Recall
SVM (OvR),0.6215840610011069,0.6226193307947745,0.6247032396452059,0.6215840610011069
LR,0.6211167138113394,0.6225678445391996,0.626586269146195,0.6211167138113394
Naive Bayes,0.5985487639896692,0.5958836988238496,0.5979197419059771,0.5985487639896692
Random Forest,0.5462181773459599,0.5453112691005753,0.574469712866089,0.5462181773459599
Decision Tree,0.4392202681097036,0.3457278290721687,0.5386222313153644,0.4392202681097036
DistilBERT (2 blocks unfrozen),0.7244706115179101,0.7245383488149288,0.7259273489473561,0.7244706115179101